,year,id_c,sw_area
0,2013,1001,824.0
1,2013,1002,1131.0
2,2013,1003,3088.0
3,2013,1004,200.0
4,2013,1051,7047.0
5,2013,1053,5410.0
6,2013,1054,9193.0
7,2013,1055,6162.0
8,2013,1056,4047.0
9,2013,1057,11372.0
10,2013,1058,9630.0
11,2013,1059,11831.0
12,2013,1060,2602.0
13,2013,1061,6363.0
14,2013,1062,1259.0
15,2013,2,6078.0
16,2013,3,110865.0
17,2013,31,12638.0
18,2013,3101,565.0
19,2013,3102,597.0
20,2013,3103,598.0
21,2013,3151,2560.0
22,2013,3152,1172.0
23,2013,3153,1789.0
24,2013,3154,1024.0
25,2013,3155,1366.0
26,2013,3156,974.0
27,2013,3157,1190.0
28,2013,3158,803.0
29,2013,3159,
30,2013,32,19440.0
31,2013,3241,7119.0
32,2013,3241001,651.0
33,2013,3251,4223.0
34,2013,3252,1091.0
35,2013,3254,1650.0
36,2013,3255,812.0
37,2013,3256,3380.0
38,2013,3257,1166.0
39,2013,33,35417.0
40,2013,3351,2462.0
41,2013,3352,5966.0
42,2013,3353,2615.0
43,2013,3354,3098.0
44,2013,3355,3554.0
45,2013,3356,1721.0
46,2013,3357,2188.0
47,2013,3358,1776.0
48,2013,3359,8809.0
49,2013,3360,1155.0
50,2013,3361,2075.0
51,2013,34,43370.0
52,2013,3401,137.0
53,2013,3402,866.0
54,2013,3403,426.0
55,2013,3404,188.0
56,2013,3405,638.0
57,2013,3451,1852.0
58,2013,3452,4851.0
59,2013,3453,2624.0
60,2013,3454,8737.0
61,2013,3455,1595.0
62,2013,3456,2166.0
63,2013,3457,6914.0
64,2013,3458,1617.0
65,2013,3459,3893.0
66,2013,3460,1221.0
67,2013,3461,4084.0
68,2013,3462,1563.0
69,2013,4,5182.0
70,2013,4011,2584.0
71,2013,4012,2597.0
72,2013,5,67137.0
73,2013,51,18964.0
74,2013,5111,1501.0
75,2013,5112,2389.0
76,2013,5113,571.0
77,2013,5114,422.0
78,2013,5116,113.0
79,2013,5117,201.0
80,2013,5119,105.0
81,2013,5120,115.0
82,2013,5122,122.0
83,2013,5124,186.0
84,2013,5154,4878.0
85,2013,5158,827.0
86,2013,5162,1587.0
87,2013,5166,1117.0
88,2013,5170,4829.0
89,2013,53,13447.0
90,2013,5314,557.0
91,2013,5315,1995.0
92,2013,5316,348.0
93,2013,5334,1057.0
94,2013,5334002,92.0
95,2013,5354,
96,2013,5358,1511.0
97,2013,5362,1185.0
98,2013,5366,1214.0
99,2013,5370,780.0
100,2013,5374,1710.0
101,2013,5378,775.0
102,2013,5382,2316.0
103,2013,55,14111.0
104,2013,5512,228.0
105,2013,5513,318.0
106,2013,5515,836.0
107,2013,5554,2463.0
108,2013,5558,1994.0
109,2013,5562,2602.0
110,2013,5566,3310.0
111,2013,5570,2360.0
112,2013,57,9917.0
113,2013,5711,199.0
114,2013,5754,1530.0
115,2013,5758,493.0
116,2013,5762,1254.0
117,2013,5766,1115.0
118,2013,5770,3552.0
119,2013,5774,1774.0
120,2013,59,10698.0
121,2013,5911,167.0
122,2013,5913,232.0
123,2013,5914,363.0
124,2013,5915,631.0
125,2013,5916,141.0
126,2013,5954,704.0
127,2013,5958,1704.0
128,2013,5962,1276.0
129,2013,5966,1284.0
130,2013,5970,712.0
131,2013,5974,2532.0
132,2013,5978,952.0
133,2013,6,29379.0
134,2013,64,12469.0
135,2013,6411,90.0
136,2013,6412,533.0
137,2013,6413,139.0
138,2013,6414,542.0
139,2013,6431,1600.0
140,2013,6432,798.0
141,2013,6433,2357.0
142,2013,6434,285.0
143,2013,6435,1902.0
144,2013,6436,316.0
145,2013,6437,324.0
146,2013,6438,733.0
147,2013,6439,1507.0
148,2013,6440,1344.0
149,2013,65,6173.0
150,2013,6531,1168.0
151,2013,6532,1256.0
152,2013,6533,863.0
153,2013,6534,1334.0
154,2013,6535,1552.0
155,2013,66,10736.0
156,2013,6611,231.0
157,2013,6631,1174.0
158,2013,6632,1206.0
159,2013,6633,1397.0
160,2013,6634,2140.0
161,2013,6635,3157.0
162,2013,6636,1431.0
163,2013,7,27441.0
164,2013,71,11158.0
165,2013,7111,551.0
166,2013,7131,1252.0
167,2013,7132,594.0
168,2013,7133,836.0
169,2013,7134,405.0
170,2013,7135,1208.0
171,2013,7137,1489.0
172,2013,7138,1297.0
173,2013,7140,836.0
174,2013,7141,1349.0
175,2013,7143,1342.0
176,2013,72,4918.0
177,2013,7211,388.0
178,2013,7231,1651.0
179,2013,7232,937.0
180,2013,7233,602.0
181,2013,7235,1340.0
182,2013,73,10748.0
183,2013,7311,86.0
184,2013,7312,80.0
185,2013,7313,41.0
186,2013,7314,409.0
187,2013,7315,339.0
188,2013,7316,90.0
189,2013,7317,25.0
190,2013,7318,375.0
191,2013,7319,472.0
192,2013,7320,64.0
193,2013,7331,828.0
194,2013,7332,293.0
195,2013,7333,357.0
196,2013,7334,2126.0
197,2013,7335,330.0
198,2013,7336,412.0
199,2013,7337,434.0
200,2013,7338,1603.0
201,2013,7339,1885.0
202,2013,7340,499.0
203,2013,8,39037.0
204,2013,81,9040.0
205,2013,8111,272.0
206,2013,8115,256.0
207,2013,8116,612.0
208,2013,8117,307.0
209,2013,8118,910.0
210,2013,8119,533.0
211,2013,8121,218.0
212,2013,8125,1240.0
213,2013,8126,827.0
214,2013,8127,1378.0
215,2013,8128,1065.0
216,2013,8135,257.0
217,2013,8136,1165.0
218,2013,82,10183.0
219,2013,8211,137.0
220,2013,8212,704.0
221,2013,8215,2413.0
222,2013,8216,2233.0
223,2013,8221,252.0
224,2013,8222,761.0
225,2013,8225,760.0
226,2013,8226,1671.0
227,2013,8231,73.0
228,2013,8235,325.0
229,2013,8236,331.0
230,2013,8237,523.0
231,2013,83,11548.0
232,2013,8311,207.0
233,2013,8315,2034.0
234,2013,8316,979.0
235,2013,8317,3541.0
236,2013,8325,458.0
237,2013,8326,667.0
238,2013,8327,352.0
239,2013,8335,947.0
240,2013,8336,925.0
241,2013,8337,1439.0
242,2013,84,8041.0
243,2013,8415,272.0
244,2013,8416,477.0
245,2013,8417,378.0
246,2013,8421,174.0
247,2013,8425,1150.0
248,2013,8426,1536.0
249,2013,8435,712.0
250,2013,8436,2200.0
251,2013,8437,1143.0
252,2013,9,123390.0
253,2013,91,51848.0
254,2013,9161,515.0
255,2013,9162,417.0
256,2013,9163,117.0
257,2013,9171,1090.0
258,2013,9172,1549.0
259,2013,9173,4396.0
260,2013,9174,540.0
261,2013,9175,524.0
262,2013,9176,860.0
263,2013,9177,1091.0
264,2013,9178,1397.0
265,2013,9179,370.0
266,2013,9180,2489.0
267,2013,9181,6141.0
268,2013,9182,1864.0
269,2013,9183,1007.0
270,2013,9184,1102.0
271,2013,9185,1321.0
272,2013,9186,1325.0
273,2013,9187,4245.0
274,2013,9188,6644.0
275,2013,9189,10404.0
276,2013,9190,2441.0
277,2013,92,14622.0
278,2013,9261,166.0
279,2013,9262,506.0
280,2013,9263,354.0
281,2013,9271,2111.0
282,2013,9272,714.0
283,2013,9273,1325.0
284,2013,9274,1018.0
285,2013,9275,2834.0
286,2013,9276,803.0
287,2013,9277,1309.0
288,2013,9278,2006.0
289,2013,9279,1476.0
290,2013,93,15085.0
291,2013,9361,35.0
292,2013,9362,266.0
293,2013,9363,78.0
294,2013,9371,1102.0
295,2013,9372,1666.0
296,2013,9373,726.0
297,2013,9374,2712.0
298,2013,9375,2354.0
299,2013,9376,4100.0
300,2013,9377,2045.0
301,2013,94,7219.0
302,2013,9461,154.0
303,2013,9462,55.0
304,2013,9463,104.0
305,2013,9464,132.0
306,2013,9471,1591.0
307,2013,9472,665.0
308,2013,9473,342.0
309,2013,9474,693.0
310,2013,9475,802.0
311,2013,9476,549.0
312,2013,9477,467.0
313,2013,9478,795.0
314,2013,9479,871.0
315,2013,95,9729.0
316,2013,9561,62.0
317,2013,9562,271.0
318,2013,9563,135.0
319,2013,9564,346.0
320,2013,9565,30.0
321,2013,9571,1797.0
322,2013,9572,2069.0
323,2013,9573,275.0
324,2013,9574,608.0
325,2013,9575,932.0
326,2013,9576,1229.0
327,2013,9577,1974.0
328,2013,96,7552.0
329,2013,9661,163.0
330,2013,9662,137.0
331,2013,9663,113.0
332,2013,9671,657.0
333,2013,9672,498.0
334,2013,9673,355.0
335,2013,9674,1126.0
336,2013,9675,955.0
337,2013,9676,884.0
338,2013,9677,1419.0
339,2013,9678,752.0
340,2013,9679,492.0
341,2013,97,17335.0
342,2013,9761,411.0
343,2013,9762,85.0
344,2013,9763,124.0
345,2013,9764,48.0
346,2013,9771,834.0
347,2013,9772,1016.0
348,2013,9773,2198.0
349,2013,9774,1482.0
350,2013,9775,1179.0
351,2013,9776,282.0
352,2013,9777,3703.0
353,2013,9778,1505.0
354,2013,9779,1898.0
355,2013,9780,2569.0
356,2013,10,2604.0
357,2013,10041,366.0
358,2013,10041100,166.0
359,2013,10042,562.0
360,2013,10043,192.0
361,2013,10044,671.0
362,2013,10045,256.0
363,2013,10046,455.0
364,2013,11,5961.0
365,2013,11001001,
366,2013,11002002,
367,2013,11003003,
368,2013,11004004,
369,2013,11005005,
370,2013,11006006,
371,2013,11007007,
372,2013,11008008,
373,2013,11009009,
374,2013,11010010,
375,2013,11011011,
376,2013,11012012,
377,2013,12,102248.0
378,2013,12051,4128.0
379,2013,12052,266.0
380,2013,12053,548.0
381,2013,12054,2084.0
382,2013,12060,7471.0
383,2013,12061,9008.0
384,2013,12062,3152.0
385,2013,12063,5610.0
386,2013,12064,6406.0
387,2013,12065,7207.0
388,2013,12066,4119.0
389,2013,12067,8572.0
390,2013,12068,8261.0
391,2013,12069,7368.0
392,2013,12070,4147.0
393,2013,12071,4828.0
394,2013,12072,3834.0
395,2013,12073,15240.0
396,2013,13,141262.0
397,2013,13001,
398,2013,13002,
399,2013,13003,1665.0
400,2013,13004,3746.0
401,2013,13005,
402,2013,13006,
403,2013,13051,
404,2013,13052,
405,2013,13053,
406,2013,13054,
407,2013,13055,
408,2013,13056,
409,2013,13057,
410,2013,13058,
411,2013,13059,
412,2013,13060,
413,2013,13061,
414,2013,13062,
415,2013,13071,52531.0
416,2013,13072,13040.0
417,2013,13073,13937.0
418,2013,13074,9322.0
419,2013,13075,28233.0
420,2013,13076,18787.0
421,2013,14,38164.0
422,2013,141,
423,2013,14161,
424,2013,14166,
425,2013,14167,
426,2013,14171,
427,2013,14173,
428,2013,14177,
429,2013,14178,
430,2013,14181,
431,2013,14182,
432,2013,14188,
433,2013,14191,
434,2013,14193,
435,2013,142,
436,2013,14262,
437,2013,14263,
438,2013,14264,
439,2013,14272,
440,2013,14280,
441,2013,14284,
442,2013,14285,
443,2013,14286,
444,2013,14287,
445,2013,14290,
446,2013,14292,
447,2013,143,
448,2013,14365,
449,2013,14374,
450,2013,14375,
451,2013,14379,
452,2013,14383,
453,2013,14389,
454,2013,145,7375.0
455,2013,14511,229.0
456,2013,14521,2024.0
457,2013,14522,2393.0
458,2013,14523,1737.0
459,2013,14524,991.0
460,2013,146,21058.0
461,2013,14612,679.0
462,2013,14625,9481.0
463,2013,14626,5916.0
464,2013,14627,3186.0
465,2013,14628,1796.0
466,2013,147,9731.0
467,2013,14713,1101.0
468,2013,14729,4374.0
469,2013,14730,4256.0
470,2013,15,47426.0
471,2013,15001,814.0
472,2013,15002,570.0
473,2013,15003,1417.0
474,2013,15081,3205.0
475,2013,15082,5256.0
476,2013,15083,3810.0
477,2013,15084,1685.0
478,2013,15085,2534.0
479,2013,15086,3535.0
480,2013,15087,2283.0
481,2013,15088,4884.0
482,2013,15089,4279.0
483,2013,15090,8186.0
484,2013,15091,4969.0
485,2013,151,
486,2013,15101,
487,2013,15151,
488,2013,15153,
489,2013,15154,
490,2013,15159,
491,2013,15171,
492,2013,152,
493,2013,15202,
494,2013,15256,
495,2013,15260,
496,2013,15261,
497,2013,15265,
498,2013,15266,
499,2013,15268,
500,2013,153,
501,2013,15303,
502,2013,15352,
503,2013,15355,
504,2013,15357,
505,2013,15358,
506,2013,15362,
507,2013,15363,
508,2013,15364,
509,2013,15367,
510,2013,15369,
511,2013,15370,
512,2013,16,19908.0
513,2013,16051,389.0
514,2013,16052,130.0
515,2013,16053,117.0
516,2013,16054,46.0
517,2013,16055,73.0
518,2013,16056,130.0
519,2013,16061,723.0
520,2013,16062,1068.0
521,2013,16063,1324.0
522,2013,16064,1447.0
523,2013,16065,1176.0
524,2013,16066,760.0
525,2013,16067,1315.0
526,2013,16068,1216.0
527,2013,16069,798.0
528,2013,16070,817.0
529,2013,16071,788.0
530,2013,16072,320.0
531,2013,16073,1295.0
532,2013,16074,602.0
533,2013,16075,3118.0
534,2013,16076,1306.0
535,2013,16077,946.0
537,2010,1,79686.0
538,2010,1001,818.0
539,2010,1002,1114.0
540,2010,1003,3086.0
541,2010,1004,199.0
542,2010,1051,7002.0
543,2010,1053,5394.0
544,2010,1054,9147.0
545,2010,1055,6146.0
546,2010,1056,4007.0
547,2010,1057,11367.0
548,2010,1058,9553.0
549,2010,1059,11733.0
550,2010,1060,2569.0
551,2010,1061,6340.0
552,2010,1062,1211.0
553,2010,2,6136.0
554,2010,3,110813.0
555,2010,31,12449.0
556,2010,3101,559.0
557,2010,3102,595.0
558,2010,3103,590.0
559,2010,3151,2572.0
560,2010,3152,1198.0
561,2010,3153,1818.0
562,2010,3154,838.0
563,2010,3155,1356.0
564,2010,3156,951.0
565,2010,3157,1182.0
566,2010,3158,791.0
567,2010,3159,
568,2010,32,19620.0
569,2010,3241,7287.0
570,2010,3241001,724.0
571,2010,3251,4330.0
572,2010,3252,1068.0
573,2010,3254,1550.0
574,2010,3255,811.0
575,2010,3256,3422.0
576,2010,3257,1153.0
577,2010,33,35145.0
578,2010,3351,2435.0
579,2010,3352,5958.0
580,2010,3353,2624.0
581,2010,3354,3083.0
582,2010,3355,3541.0
583,2010,3356,1729.0
584,2010,3357,1857.0
585,2010,3358,1769.0
586,2010,3359,8826.0
587,2010,3360,1244.0
588,2010,3361,2078.0
589,2010,34,43599.0
590,2010,3401,139.0
591,2010,3402,851.0
592,2010,3403,421.0
593,2010,3404,183.0
594,2010,3405,984.0
595,2010,3451,1824.0
596,2010,3452,4821.0
597,2010,3453,2622.0
598,2010,3454,8807.0
599,2010,3455,1533.0
600,2010,3456,2126.0
601,2010,3457,6932.0
602,2010,3458,1655.0
603,2010,3459,3865.0
604,2010,3460,1197.0
605,2010,3461,4084.0
606,2010,3462,1555.0
607,2010,4,5129.0
608,2010,4011,2528.0
609,2010,4012,2601.0
610,2010,5,66905.0
611,2010,51,18671.0
612,2010,5111,1533.0
613,2010,5112,2399.0
614,2010,5113,571.0
615,2010,5114,436.0
616,2010,5116,120.0
617,2010,5117,201.0
618,2010,5119,137.0
619,2010,5120,116.0
620,2010,5122,124.0
621,2010,5124,184.0
622,2010,5154,4844.0
623,2010,5158,751.0
624,2010,5162,1591.0
625,2010,5166,1101.0
626,2010,5170,4565.0
627,2010,53,13512.0
628,2010,5314,575.0
629,2010,5315,2013.0
630,2010,5316,357.0
631,2010,5334,1050.0
632,2010,5334002,93.0
633,2010,5354,
634,2010,5358,1507.0
635,2010,5362,1181.0
636,2010,5366,1283.0
637,2010,5370,770.0
638,2010,5374,1704.0
639,2010,5378,782.0
640,2010,5382,2290.0
641,2010,55,14046.0
642,2010,5512,228.0
643,2010,5513,312.0
644,2010,5515,893.0
645,2010,5554,2349.0
646,2010,5558,1991.0
647,2010,5562,2483.0
648,2010,5566,3447.0
649,2010,5570,2341.0
650,2010,57,9805.0
651,2010,5711,194.0
652,2010,5754,1592.0
653,2010,5758,496.0
654,2010,5762,1245.0
655,2010,5766,1090.0
656,2010,5770,3444.0
657,2010,5774,1745.0
658,2010,59,10870.0
659,2010,5911,168.0
660,2010,5913,229.0
661,2010,5914,363.0
662,2010,5915,612.0
663,2010,5916,231.0
664,2010,5954,697.0
665,2010,5958,1734.0
666,2010,5962,1274.0
667,2010,5966,1288.0
668,2010,5970,725.0
669,2010,5974,2545.0
670,2010,5978,1005.0
671,2010,6,28965.0
672,2010,64,12270.0
673,2010,6411,90.0
674,2010,6412,535.0
675,2010,6413,139.0
676,2010,6414,543.0
677,2010,6431,1579.0
678,2010,6432,748.0
679,2010,6433,2321.0
680,2010,6434,285.0
681,2010,6435,1873.0
682,2010,6436,315.0
683,2010,6437,321.0
684,2010,6438,732.0
685,2010,6439,1455.0
686,2010,6440,1336.0
687,2010,65,5995.0
688,2010,6531,1026.0
689,2010,6532,1250.0
690,2010,6533,861.0
691,2010,6534,1307.0
692,2010,6535,1551.0
693,2010,66,10700.0
694,2010,6611,231.0
695,2010,6631,1167.0
696,2010,6632,1187.0
697,2010,6633,1398.0
698,2010,6634,2142.0
699,2010,6635,3149.0
700,2010,6636,1427.0
701,2010,7,27254.0
702,2010,71,11195.0
703,2010,7111,550.0
704,2010,7131,1253.0
705,2010,7132,599.0
706,2010,7133,839.0
707,2010,7134,406.0
708,2010,7135,1208.0
709,2010,7137,1492.0
710,2010,7138,1314.0
711,2010,7140,836.0
712,2010,7141,1350.0
713,2010,7143,1347.0
714,2010,72,4900.0
715,2010,7211,386.0
716,2010,7231,1694.0
717,2010,7232,937.0
718,2010,7233,596.0
719,2010,7235,1287.0
720,2010,73,10541.0
721,2010,7311,94.0
722,2010,7312,80.0
723,2010,7313,40.0
724,2010,7314,407.0
725,2010,7315,339.0
726,2010,7316,87.0
727,2010,7317,24.0
728,2010,7318,340.0
729,2010,7319,477.0
730,2010,7320,63.0
731,2010,7331,833.0
732,2010,7332,291.0
733,2010,7333,356.0
734,2010,7334,2104.0
735,2010,7335,329.0
736,2010,7336,411.0
737,2010,7337,433.0
738,2010,7338,1442.0
739,2010,7339,1889.0
740,2010,7340,498.0
741,2010,8,38568.0
742,2010,81,8904.0
743,2010,8111,270.0
744,2010,8115,250.0
745,2010,8116,615.0
746,2010,8117,309.0
747,2010,8118,905.0
748,2010,8119,523.0
749,2010,8121,217.0
750,2010,8125,1228.0
751,2010,8126,812.0
752,2010,8127,1347.0
753,2010,8128,1051.0
754,2010,8135,255.0
755,2010,8136,1122.0
756,2010,82,10099.0
757,2010,8211,82.0
758,2010,8212,707.0
759,2010,8215,2410.0
760,2010,8216,2229.0
761,2010,8221,252.0
762,2010,8222,761.0
763,2010,8225,753.0
764,2010,8226,1678.0
765,2010,8231,73.0
766,2010,8235,319.0
767,2010,8236,328.0
768,2010,8237,508.0
769,2010,83,11395.0
770,2010,8311,207.0
771,2010,8315,2020.0
772,2010,8316,928.0
773,2010,8317,3471.0
774,2010,8325,453.0
775,2010,8326,658.0
776,2010,8327,349.0
777,2010,8335,972.0
778,2010,8336,919.0
779,2010,8337,1417.0
780,2010,84,7932.0
781,2010,8415,268.0
782,2010,8416,476.0
783,2010,8417,365.0
784,2010,8421,156.0
785,2010,8425,1122.0
786,2010,8426,1517.0
787,2010,8435,709.0
788,2010,8436,2182.0
789,2010,8437,1138.0
790,2010,9,144316.0
791,2010,91,55804.0
792,2010,9161,626.0
793,2010,9162,474.0
794,2010,9163,128.0
795,2010,9171,1462.0
796,2010,9172,1622.0
797,2010,9173,5394.0
798,2010,9174,798.0
799,2010,9175,497.0
800,2010,9176,1264.0
801,2010,9177,1336.0
802,2010,9178,1550.0
803,2010,9179,465.0
804,2010,9180,2599.0
805,2010,9181,6451.0
806,2010,9182,1975.0
807,2010,9183,1446.0
808,2010,9184,1235.0
809,2010,9185,1452.0
810,2010,9186,1481.0
811,2010,9187,4223.0
812,2010,9188,6569.0
813,2010,9189,10340.0
814,2010,9190,2417.0
815,2010,92,16344.0
816,2010,9261,230.0
817,2010,9262,527.0
818,2010,9263,408.0
819,2010,9271,2117.0
820,2010,9272,713.0
821,2010,9273,1661.0
822,2010,9274,1480.0
823,2010,9275,2995.0
824,2010,9276,804.0
825,2010,9277,1590.0
826,2010,9278,2180.0
827,2010,9279,1639.0
828,2010,93,17955.0
829,2010,9361,48.0
830,2010,9362,322.0
831,2010,9363,100.0
832,2010,9371,1411.0
833,2010,9372,2226.0
834,2010,9373,1320.0
835,2010,9374,2389.0
836,2010,9375,2759.0
837,2010,9376,4856.0
838,2010,9377,2524.0
839,2010,94,8470.0
840,2010,9461,186.0
841,2010,9462,55.0
842,2010,9463,98.0
843,2010,9464,140.0
844,2010,9471,1932.0
845,2010,9472,791.0
846,2010,9473,622.0
847,2010,9474,803.0
848,2010,9475,935.0
849,2010,9476,596.0
850,2010,9477,501.0
851,2010,9478,886.0
852,2010,9479,924.0
853,2010,95,14304.0
854,2010,9561,97.0
855,2010,9562,327.0
856,2010,9563,196.0
857,2010,9564,416.0
858,2010,9565,34.0
859,2010,9571,3315.0
860,2010,9572,2623.0
861,2010,9573,354.0
862,2010,9574,663.0
863,2010,9575,1870.0
864,2010,9576,1679.0
865,2010,9577,2732.0
866,2010,96,11857.0
867,2010,9661,198.0
868,2010,9662,153.0
869,2010,9663,174.0
870,2010,9671,845.0
871,2010,9672,785.0
872,2010,9673,931.0
873,2010,9674,1601.0
874,2010,9675,1630.0
875,2010,9676,1135.0
876,2010,9677,1965.0
877,2010,9678,1378.0
878,2010,9679,1063.0
879,2010,97,19583.0
880,2010,9761,457.0
881,2010,9762,88.0
882,2010,9763,139.0
883,2010,9764,52.0
884,2010,9771,1025.0
885,2010,9772,1275.0
886,2010,9773,2324.0
887,2010,9774,1855.0
888,2010,9775,1284.0
889,2010,9776,313.0
890,2010,9777,3894.0
891,2010,9778,1706.0
892,2010,9779,2453.0
893,2010,9780,2718.0
894,2010,10,2616.0
895,2010,10041,364.0
896,2010,10041100,164.0
897,2010,10042,563.0
898,2010,10043,192.0
899,2010,10044,688.0
900,2010,10045,258.0
901,2010,10046,449.0
902,2010,11,5970.0
903,2010,11001001,
904,2010,11002002,
905,2010,11003003,
906,2010,11004004,
907,2010,11005005,
908,2010,11006006,
909,2010,11007007,
910,2010,11008008,
911,2010,11009009,
912,2010,11010010,
913,2010,11011011,
914,2010,11012012,
915,2010,12,100775.0
916,2010,12051,4097.0
917,2010,12052,261.0
918,2010,12053,578.0
919,2010,12054,2064.0
920,2010,12060,7426.0
921,2010,12061,8936.0
922,2010,12062,3102.0
923,2010,12063,5405.0
924,2010,12064,6144.0
925,2010,12065,7105.0
926,2010,12066,3951.0
927,2010,12067,8687.0
928,2010,12068,8303.0
929,2010,12069,7097.0
930,2010,12070,4051.0
931,2010,12071,4696.0
932,2010,12072,3794.0
933,2010,12073,15079.0
934,2010,13,138149.0
935,2010,13001,133.0
936,2010,13002,2355.0
937,2010,13003,1680.0
938,2010,13004,3743.0
939,2010,13005,177.0
940,2010,13006,220.0
941,2010,13051,2288.0
942,2010,13052,9511.0
943,2010,13053,10516.0
944,2010,13054,6353.0
945,2010,13055,15622.0
946,2010,13056,25419.0
947,2010,13057,8404.0
948,2010,13058,8976.0
949,2010,13059,8320.0
950,2010,13060,12297.0
951,2010,13061,3667.0
952,2010,13062,18469.0
953,2010,13071,
954,2010,13072,
955,2010,13073,
956,2010,13074,
957,2010,13075,
958,2010,13076,
959,2010,14,35775.0
960,2010,141,
961,2010,14161,
962,2010,14166,
963,2010,14167,
964,2010,14171,
965,2010,14173,
966,2010,14177,
967,2010,14178,
968,2010,14181,
969,2010,14182,
970,2010,14188,
971,2010,14191,
972,2010,14193,
973,2010,142,
974,2010,14262,
975,2010,14263,
976,2010,14264,
977,2010,14272,
978,2010,14280,
979,2010,14284,
980,2010,14285,
981,2010,14286,
982,2010,14287,
983,2010,14290,
984,2010,14292,
985,2010,143,
986,2010,14365,
987,2010,14374,
988,2010,14375,
989,2010,14379,
990,2010,14383,
991,2010,14389,
992,2010,145,7319.0
993,2010,14511,215.0
994,2010,14521,2015.0
995,2010,14522,2378.0
996,2010,14523,1724.0
997,2010,14524,987.0
998,2010,146,20369.0
999,2010,14612,675.0
1000,2010,14625,8896.0
1001,2010,14626,5829.0
1002,2010,14627,3181.0
1003,2010,14628,1788.0
1004,2010,147,8087.0
1005,2010,14713,854.0
1006,2010,14729,3980.0
1007,2010,14730,3253.0
1008,2010,15,44785.0
1009,2010,15001,775.0
1010,2010,15002,565.0
1011,2010,15003,1363.0
1012,2010,15081,3008.0
1013,2010,15082,5147.0
1014,2010,15083,3557.0
1015,2010,15084,1656.0
1016,2010,15085,2464.0
1017,2010,15086,3466.0
1018,2010,15087,2246.0
1019,2010,15088,3844.0
1020,2010,15089,3945.0
1021,2010,15090,7837.0
1022,2010,15091,4911.0
1023,2010,151,
1024,2010,15101,
1025,2010,15151,
1026,2010,15153,
1027,2010,15154,
1028,2010,15159,
1029,2010,15171,
1030,2010,152,
1031,2010,15202,
1032,2010,15256,
1033,2010,15260,
1034,2010,15261,
1035,2010,15265,
1036,2010,15266,
1037,2010,15268,
1038,2010,153,
1039,2010,15303,
1040,2010,15352,
1041,2010,15355,
1042,2010,15357,
1043,2010,15358,
1044,2010,15362,
1045,2010,15363,
1046,2010,15364,
1047,2010,15367,
1048,2010,15369,
1049,2010,15370,
1050,2010,16,19871.0
1051,2010,16051,379.0
1052,2010,16052,127.0
1053,2010,16053,118.0
1054,2010,16054,46.0
1055,2010,16055,74.0
1056,2010,16056,129.0
1057,2010,16061,701.0
1058,2010,16062,1078.0
1059,2010,16063,1331.0
1060,2010,16064,1451.0
1061,2010,16065,1216.0
1062,2010,16066,783.0
1063,2010,16067,1329.0
1064,2010,16068,1192.0
1065,2010,16069,798.0
1066,2010,16070,813.0
1067,2010,16071,784.0
1068,2010,16072,322.0
1069,2010,16073,1294.0
1070,2010,16074,607.0
1071,2010,16075,3052.0
1072,2010,16076,1344.0
1073,2010,16077,905.0
1075,2007,1,79538.0
1076,2007,1001,818.0
1077,2007,1002,1115.0
1078,2007,1003,3097.0
1079,2007,1004,199.0
1080,2007,1051,6927.0
1081,2007,1053,5394.0
1082,2007,1054,9085.0
1083,2007,1055,6072.0
1084,2007,1056,3995.0
1085,2007,1057,11375.0
1086,2007,1058,9523.0
1087,2007,1059,11809.0
1088,2007,1060,2559.0
1089,2007,1061,6361.0
1090,2007,1062,1209.0
1091,2007,2,6048.0
1092,2007,3,110577.0
1093,2007,31,12394.0
1094,2007,3101,556.0
1095,2007,3102,590.0
1096,2007,3103,559.0
1097,2007,3151,2571.0
1098,2007,3152,1204.0
1099,2007,3153,1827.0
1100,2007,3154,835.0
1101,2007,3155,1354.0
1102,2007,3156,960.0
1103,2007,3157,1146.0
1104,2007,3158,794.0
1105,2007,3159,
1106,2007,32,19460.0
1107,2007,3241,7215.0
1108,2007,3241001,720.0
1109,2007,3251,4303.0
1110,2007,3252,1064.0
1111,2007,3254,1552.0
1112,2007,3255,813.0
1113,2007,3256,3424.0
1114,2007,3257,1090.0
1115,2007,33,35525.0
1116,2007,3351,2437.0
1117,2007,3352,6326.0
1118,2007,3353,2621.0
1119,2007,3354,3075.0
1120,2007,3355,3635.0
1121,2007,3356,1736.0
1122,2007,3357,1808.0
1123,2007,3358,1744.0
1124,2007,3359,8835.0
1125,2007,3360,1241.0
1126,2007,3361,2067.0
1127,2007,34,43198.0
1128,2007,3401,140.0
1129,2007,3402,846.0
1130,2007,3403,424.0
1131,2007,3404,184.0
1132,2007,3405,983.0
1133,2007,3451,1815.0
1134,2007,3452,4806.0
1135,2007,3453,2496.0
1136,2007,3454,8587.0
1137,2007,3455,1530.0
1138,2007,3456,2108.0
1139,2007,3457,6849.0
1140,2007,3458,1732.0
1141,2007,3459,3798.0
1142,2007,3460,1240.0
1143,2007,3461,4116.0
1144,2007,3462,1543.0
1145,2007,4,4567.0
1146,2007,4011,2503.0
1147,2007,4012,2064.0
1148,2007,5,65888.0
1149,2007,51,18234.0
1150,2007,5111,1457.0
1151,2007,5112,2383.0
1152,2007,5113,578.0
1153,2007,5114,430.0
1154,2007,5116,99.0
1155,2007,5117,207.0
1156,2007,5119,147.0
1157,2007,5120,113.0
1158,2007,5122,125.0
1159,2007,5124,184.0
1160,2007,5154,4612.0
1161,2007,5158,761.0
1162,2007,5162,1578.0
1163,2007,5166,1073.0
1164,2007,5170,4487.0
1165,2007,53,13596.0
1166,2007,5314,575.0
1167,2007,5315,2035.0
1168,2007,5316,359.0
1169,2007,5334,
1170,2007,5334002,93.0
1171,2007,5354,998.0
1172,2007,5358,1516.0
1173,2007,5362,1181.0
1174,2007,5366,1305.0
1175,2007,5370,745.0
1176,2007,5374,1702.0
1177,2007,5378,789.0
1178,2007,5382,2296.0
1179,2007,55,13369.0
1180,2007,5512,225.0
1181,2007,5513,315.0
1182,2007,5515,723.0
1183,2007,5554,2117.0
1184,2007,5558,1953.0
1185,2007,5562,2484.0
1186,2007,5566,3329.0
1187,2007,5570,2223.0
1188,2007,57,9754.0
1189,2007,5711,191.0
1190,2007,5754,1551.0
1191,2007,5758,490.0
1192,2007,5762,1247.0
1193,2007,5766,1106.0
1194,2007,5770,3408.0
1195,2007,5774,1761.0
1196,2007,59,10935.0
1197,2007,5911,169.0
1198,2007,5913,204.0
1199,2007,5914,362.0
1200,2007,5915,591.0
1201,2007,5916,231.0
1202,2007,5954,698.0
1203,2007,5958,1753.0
1204,2007,5962,1289.0
1205,2007,5966,1313.0
1206,2007,5970,755.0
1207,2007,5974,2567.0
1208,2007,5978,1004.0
1209,2007,6,28335.0
1210,2007,64,12098.0
1211,2007,6411,79.0
1212,2007,6412,532.0
1213,2007,6413,137.0
1214,2007,6414,540.0
1215,2007,6431,1564.0
1216,2007,6432,697.0
1217,2007,6433,2310.0
1218,2007,6434,277.0
1219,2007,6435,1838.0
1220,2007,6436,293.0
1221,2007,6437,288.0
1222,2007,6438,727.0
1223,2007,6439,1493.0
1224,2007,6440,1322.0
1225,2007,65,5819.0
1226,2007,6531,1003.0
1227,2007,6532,1216.0
1228,2007,6533,853.0
1229,2007,6534,1203.0
1230,2007,6535,1545.0
1231,2007,66,10418.0
1232,2007,6611,224.0
1233,2007,6631,1136.0
1234,2007,6632,1175.0
1235,2007,6633,1376.0
1236,2007,6634,2058.0
1237,2007,6635,3046.0
1238,2007,6636,1404.0
1239,2007,7,27123.0
1240,2007,71,11146.0
1241,2007,7111,551.0
1242,2007,7131,1245.0
1243,2007,7132,605.0
1244,2007,7133,838.0
1245,2007,7134,406.0
1246,2007,7135,1225.0
1247,2007,7137,1459.0
1248,2007,7138,1263.0
1249,2007,7140,837.0
1250,2007,7141,1356.0
1251,2007,7143,1360.0
1252,2007,72,4903.0
1253,2007,7211,386.0
1254,2007,7231,1697.0
1255,2007,7232,940.0
1256,2007,7233,605.0
1257,2007,7235,1274.0
1258,2007,73,10457.0
1259,2007,7311,94.0
1260,2007,7312,80.0
1261,2007,7313,41.0
1262,2007,7314,407.0
1263,2007,7315,341.0
1264,2007,7316,85.0
1265,2007,7317,24.0
1266,2007,7318,334.0
1267,2007,7319,477.0
1268,2007,7320,64.0
1269,2007,7331,835.0
1270,2007,7332,290.0
1271,2007,7333,354.0
1272,2007,7334,2034.0
1273,2007,7335,320.0
1274,2007,7336,404.0
1275,2007,7337,434.0
1276,2007,7338,1443.0
1277,2007,7339,1897.0
1278,2007,7340,498.0
1279,2007,8,38177.0
1280,2007,81,8777.0
1281,2007,8111,270.0
1282,2007,8115,248.0
1283,2007,8116,616.0
1284,2007,8117,286.0
1285,2007,8118,902.0
1286,2007,8119,521.0
1287,2007,8121,217.0
1288,2007,8125,1224.0
1289,2007,8126,811.0
1290,2007,8127,1292.0
1291,2007,8128,1053.0
1292,2007,8135,256.0
1293,2007,8136,1080.0
1294,2007,82,9982.0
1295,2007,8211,82.0
1296,2007,8212,685.0
1297,2007,8215,2399.0
1298,2007,8216,2167.0
1299,2007,8221,253.0
1300,2007,8222,762.0
1301,2007,8225,742.0
1302,2007,8226,1664.0
1303,2007,8231,73.0
1304,2007,8235,320.0
1305,2007,8236,328.0
1306,2007,8237,507.0
1307,2007,83,11322.0
1308,2007,8311,207.0
1309,2007,8315,2018.0
1310,2007,8316,916.0
1311,2007,8317,3415.0
1312,2007,8325,453.0
1313,2007,8326,652.0
1314,2007,8327,349.0
1315,2007,8335,960.0
1316,2007,8336,917.0
1317,2007,8337,1435.0
1318,2007,84,7858.0
1319,2007,8415,263.0
1320,2007,8416,476.0
1321,2007,8417,365.0
1322,2007,8421,155.0
1323,2007,8425,1108.0
1324,2007,8426,1512.0
1325,2007,8435,707.0
1326,2007,8436,2164.0
1327,2007,8437,1109.0
1328,2007,9,143934.0
1329,2007,91,55856.0
1330,2007,9161,626.0
1331,2007,9162,455.0
1332,2007,9163,128.0
1333,2007,9171,1459.0
1334,2007,9172,1620.0
1335,2007,9173,5525.0
1336,2007,9174,793.0
1337,2007,9175,495.0
1338,2007,9176,1261.0
1339,2007,9177,1333.0
1340,2007,9178,1545.0
1341,2007,9179,462.0
1342,2007,9180,2596.0
1343,2007,9181,6451.0
1344,2007,9182,1974.0
1345,2007,9183,1443.0
1346,2007,9184,1238.0
1347,2007,9185,1445.0
1348,2007,9186,1456.0
1349,2007,9187,4226.0
1350,2007,9188,6569.0
1351,2007,9189,10337.0
1352,2007,9190,2419.0
1353,2007,92,16309.0
1354,2007,9261,226.0
1355,2007,9262,527.0
1356,2007,9263,409.0
1357,2007,9271,2117.0
1358,2007,9272,711.0
1359,2007,9273,1638.0
1360,2007,9274,1484.0
1361,2007,9275,2989.0
1362,2007,9276,802.0
1363,2007,9277,1590.0
1364,2007,9278,2177.0
1365,2007,9279,1639.0
1366,2007,93,17938.0
1367,2007,9361,47.0
1368,2007,9362,337.0
1369,2007,9363,100.0
1370,2007,9371,1400.0
1371,2007,9372,2231.0
1372,2007,9373,1319.0
1373,2007,9374,2382.0
1374,2007,9375,2748.0
1375,2007,9376,4845.0
1376,2007,9377,2528.0
1377,2007,94,8388.0
1378,2007,9461,186.0
1379,2007,9462,54.0
1380,2007,9463,58.0
1381,2007,9464,140.0
1382,2007,9471,1918.0
1383,2007,9472,783.0
1384,2007,9473,622.0
1385,2007,9474,793.0
1386,2007,9475,935.0
1387,2007,9476,596.0
1388,2007,9477,500.0
1389,2007,9478,884.0
1390,2007,9479,919.0
1391,2007,95,14180.0
1392,2007,9561,91.0
1393,2007,9562,325.0
1394,2007,9563,194.0
1395,2007,9564,417.0
1396,2007,9565,34.0
1397,2007,9571,3211.0
1398,2007,9572,2623.0
1399,2007,9573,354.0
1400,2007,9574,662.0
1401,2007,9575,1864.0
1402,2007,9576,1674.0
1403,2007,9577,2732.0
1404,2007,96,11838.0
1405,2007,9661,197.0
1406,2007,9662,153.0
1407,2007,9663,174.0
1408,2007,9671,844.0
1409,2007,9672,783.0
1410,2007,9673,927.0
1411,2007,9674,1600.0
1412,2007,9675,1625.0
1413,2007,9676,1133.0
1414,2007,9677,1966.0
1415,2007,9678,1371.0
1416,2007,9679,1065.0
1417,2007,97,19426.0
1418,2007,9761,455.0
1419,2007,9762,88.0
1420,2007,9763,139.0
1421,2007,9764,52.0
1422,2007,9771,1027.0
1423,2007,9772,1250.0
1424,2007,9773,2311.0
1425,2007,9774,1840.0
1426,2007,9775,1273.0
1427,2007,9776,314.0
1428,2007,9777,3885.0
1429,2007,9778,1636.0
1430,2007,9779,2443.0
1431,2007,9780,2714.0
1432,2007,10,2616.0
1433,2007,10041,365.0
1434,2007,10041100,
1435,2007,10042,560.0
1436,2007,10043,188.0
1437,2007,10044,698.0
1438,2007,10045,257.0
1439,2007,10046,445.0
1440,2007,11,5947.0
1441,2007,11001001,
1442,2007,11002002,
1443,2007,11003003,
1444,2007,11004004,
1445,2007,11005005,
1446,2007,11006006,
1447,2007,11007007,
1448,2007,11008008,
1449,2007,11009009,
1450,2007,11010010,
1451,2007,11011011,
1452,2007,11012012,
1453,2007,12,100587.0
1454,2007,12051,4115.0
1455,2007,12052,264.0
1456,2007,12053,597.0
1457,2007,12054,2100.0
1458,2007,12060,7631.0
1459,2007,12061,9032.0
1460,2007,12062,3104.0
1461,2007,12063,5439.0
1462,2007,12064,5743.0
1463,2007,12065,7017.0
1464,2007,12066,3680.0
1465,2007,12067,8598.0
1466,2007,12068,8476.0
1467,2007,12069,6963.0
1468,2007,12070,4019.0
1469,2007,12071,4558.0
1470,2007,12072,3713.0
1471,2007,12073,15539.0
1472,2007,13,136025.0
1473,2007,13001,133.0
1474,2007,13002,2354.0
1475,2007,13003,1739.0
1476,2007,13004,3736.0
1477,2007,13005,177.0
1478,2007,13006,224.0
1479,2007,13051,2164.0
1480,2007,13052,9322.0
1481,2007,13053,10475.0
1482,2007,13054,6311.0
1483,2007,13055,15628.0
1484,2007,13056,25381.0
1485,2007,13057,8387.0
1486,2007,13058,8959.0
1487,2007,13059,8306.0
1488,2007,13060,12151.0
1489,2007,13061,3533.0
1490,2007,13062,17043.0
1491,2007,13071,
1492,2007,13072,
1493,2007,13073,
1494,2007,13074,
1495,2007,13075,
1496,2007,13076,
1497,2007,14,35756.0
1498,2007,141,
1499,2007,14161,
1500,2007,14166,
1501,2007,14167,
1502,2007,14171,
1503,2007,14173,
1504,2007,14177,
1505,2007,14178,
1506,2007,14181,
1507,2007,14182,
1508,2007,14188,
1509,2007,14191,
1510,2007,14193,
1511,2007,142,
1512,2007,14262,
1513,2007,14263,
1514,2007,14264,
1515,2007,14272,
1516,2007,14280,
1517,2007,14284,
1518,2007,14285,
1519,2007,14286,
1520,2007,14287,
1521,2007,14290,
1522,2007,14292,
1523,2007,143,
1524,2007,14365,
1525,2007,14374,
1526,2007,14375,
1527,2007,14379,
1528,2007,14383,
1529,2007,14389,
1530,2007,145,7290.0
1531,2007,14511,205.0
1532,2007,14521,2010.0
1533,2007,14522,2375.0
1534,2007,14523,1720.0
1535,2007,14524,981.0
1536,2007,146,20352.0
1537,2007,14612,675.0
1538,2007,14625,8902.0
1539,2007,14626,5824.0
1540,2007,14627,3178.0
1541,2007,14628,1773.0
1542,2007,147,8114.0
1543,2007,14713,849.0
1544,2007,14729,4022.0
1545,2007,14730,3243.0
1546,2007,15,43297.0
1547,2007,15001,770.0
1548,2007,15002,575.0
1549,2007,15003,1341.0
1550,2007,15081,2813.0
1551,2007,15082,4916.0
1552,2007,15083,3412.0
1553,2007,15084,1637.0
1554,2007,15085,2419.0
1555,2007,15086,3556.0
1556,2007,15087,2126.0
1557,2007,15088,3724.0
1558,2007,15089,3496.0
1559,2007,15090,7763.0
1560,2007,15091,4750.0
1561,2007,151,
1562,2007,15101,
1563,2007,15151,
1564,2007,15153,
1565,2007,15154,
1566,2007,15159,
1567,2007,15171,
1568,2007,152,
1569,2007,15202,
1570,2007,15256,
1571,2007,15260,
1572,2007,15261,
1573,2007,15265,
1574,2007,15266,
1575,2007,15268,
1576,2007,153,
1577,2007,15303,
1578,2007,15352,
1579,2007,15355,
1580,2007,15357,
1581,2007,15358,
1582,2007,15362,
1583,2007,15363,
1584,2007,15364,
1585,2007,15367,
1586,2007,15369,
1587,2007,15370,
1588,2007,16,19736.0
1589,2007,16051,378.0
1590,2007,16052,125.0
1591,2007,16053,118.0
1592,2007,16054,46.0
1593,2007,16055,74.0
1594,2007,16056,129.0
1595,2007,16061,695.0
1596,2007,16062,1077.0
1597,2007,16063,1331.0
1598,2007,16064,1455.0
1599,2007,16065,1223.0
1600,2007,16066,782.0
1601,2007,16067,1328.0
1602,2007,16068,1183.0
1603,2007,16069,798.0
1604,2007,16070,809.0
1605,2007,16071,782.0
1606,2007,16072,277.0
1607,2007,16073,1255.0
1608,2007,16074,602.0
1609,2007,16075,3054.0
1610,2007,16076,1338.0
1611,2007,16077,876.0
1,2019,1,76556.0
2,2019,1001,811.0
3,2019,1002,1090.0
4,2019,1003,2915.0
5,2019,1004,185.0
6,2019,1051,6785.0
7,2019,1053,5210.0
8,2019,1054,8399.0
9,2019,1055,5653.0
10,2019,1056,3777.0
11,2019,1057,11043.0
12,2019,1058,9567.0
13,2019,1059,11431.0
14,2019,1060,2442.0
15,2019,1061,6045.0
16,2019,1062,1203.0
17,2019,2,6194.0
18,2019,3,100963.0
19,2019,31,11938.0
20,2019,3101,492.0
21,2019,3102,590.0
22,2019,3103,551.0
23,2019,3151,2249.0
24,2019,3152,
25,2019,3153,1658.0
26,2019,3154,1086.0
27,2019,3155,1318.0
28,2019,3156,
29,2019,3157,1227.0
30,2019,3158,827.0
31,2019,3159,1940.0
32,2019,32,18587.0
33,2019,3241,6791.0
34,2019,3241001,639.0
35,2019,3251,3916.0
36,2019,3252,1091.0
37,2019,3254,1695.0
38,2019,3255,777.0
39,2019,3256,3136.0
40,2019,3257,1181.0
41,2019,33,32573.0
42,2019,3351,2202.0
43,2019,3352,5374.0
44,2019,3353,2300.0
45,2019,3354,2656.0
46,2019,3355,3405.0
47,2019,3356,1570.0
48,2019,3357,1927.0
49,2019,3358,1749.0
50,2019,3359,8586.0
51,2019,3360,1020.0
52,2019,3361,1784.0
53,2019,34,37866.0
54,2019,3401,124.0
55,2019,3402,809.0
56,2019,3403,388.0
57,2019,3404,189.0
58,2019,3405,585.0
59,2019,3451,1727.0
60,2019,3452,4137.0
61,2019,3453,2281.0
62,2019,3454,6286.0
63,2019,3455,1420.0
64,2019,3456,2157.0
65,2019,3457,6306.0
66,2019,3458,1321.0
67,2019,3459,3742.0
68,2019,3460,1177.0
69,2019,3461,3807.0
70,2019,3462,1409.0
71,2019,4,4921.0
72,2019,4011,2367.0
73,2019,4012,2553.0
74,2019,5,62185.0
75,2019,51,17931.0
76,2019,5111,1280.0
77,2019,5112,1985.0
78,2019,5113,531.0
79,2019,5114,407.0
80,2019,5116,66.0
81,2019,5117,192.0
82,2019,5119,86.0
83,2019,5120,110.0
84,2019,5122,105.0
85,2019,5124,191.0
86,2019,5154,4461.0
87,2019,5158,790.0
88,2019,5162,1679.0
89,2019,5166,1074.0
90,2019,5170,4973.0
91,2019,53,12913.0
92,2019,5314,564.0
93,2019,5315,1932.0
94,2019,5316,340.0
95,2019,5334,1005.0
96,2019,5334002,84.0
97,2019,5354,
98,2019,5358,1601.0
99,2019,5362,1144.0
100,2019,5366,1042.0
101,2019,5370,726.0
102,2019,5374,1599.0
103,2019,5378,713.0
104,2019,5382,2248.0
105,2019,55,12393.0
106,2019,5512,150.0
107,2019,5513,144.0
108,2019,5515,589.0
109,2019,5554,2123.0
110,2019,5558,2074.0
111,2019,5562,2045.0
112,2019,5566,2811.0
113,2019,5570,2458.0
114,2019,57,8939.0
115,2019,5711,180.0
116,2019,5754,1177.0
117,2019,5758,472.0
118,2019,5762,1092.0
119,2019,5766,1020.0
120,2019,5770,3167.0
121,2019,5774,1831.0
122,2019,59,10008.0
123,2019,5911,136.0
124,2019,5913,260.0
125,2019,5914,348.0
126,2019,5915,438.0
127,2019,5916,101.0
128,2019,5954,699.0
129,2019,5958,1620.0
130,2019,5962,1222.0
131,2019,5966,1201.0
132,2019,5970,636.0
133,2019,5974,2628.0
134,2019,5978,718.0
135,2019,6,29206.0
136,2019,64,12428.0
137,2019,6411,96.0
138,2019,6412,528.0
139,2019,6413,118.0
140,2019,6414,539.0
141,2019,6431,1654.0
142,2019,6432,821.0
143,2019,6433,2347.0
144,2019,6434,285.0
145,2019,6435,1873.0
146,2019,6436,324.0
147,2019,6437,340.0
148,2019,6438,655.0
149,2019,6439,1501.0
150,2019,6440,1347.0
151,2019,65,6032.0
152,2019,6531,1112.0
153,2019,6532,1254.0
154,2019,6533,847.0
155,2019,6534,1356.0
156,2019,6535,1463.0
157,2019,66,10747.0
158,2019,6611,230.0
159,2019,6631,1134.0
160,2019,6632,1204.0
161,2019,6633,1376.0
162,2019,6634,2280.0
163,2019,6635,3114.0
164,2019,6636,1408.0
165,2019,7,28494.0
166,2019,71,11255.0
167,2019,7111,566.0
168,2019,7131,1274.0
169,2019,7132,579.0
170,2019,7133,839.0
171,2019,7134,411.0
172,2019,7135,1211.0
173,2019,7137,1530.0
174,2019,7138,1285.0
175,2019,7140,906.0
176,2019,7141,1368.0
177,2019,7143,1286.0
178,2019,72,5088.0
179,2019,7211,399.0
180,2019,7231,1667.0
181,2019,7232,993.0
182,2019,7233,626.0
183,2019,7235,1404.0
184,2019,73,11534.0
185,2019,7311,102.0
186,2019,7312,91.0
187,2019,7313,47.0
188,2019,7314,402.0
189,2019,7315,365.0
190,2019,7316,115.0
191,2019,7317,32.0
192,2019,7318,494.0
193,2019,7319,447.0
194,2019,7320,72.0
195,2019,7331,935.0
196,2019,7332,385.0
197,2019,7333,392.0
198,2019,7334,2354.0
199,2019,7335,358.0
200,2019,7336,451.0
201,2019,7337,425.0
202,2019,7338,1627.0
203,2019,7339,1950.0
204,2019,7340,489.0
205,2019,8,39136.0
206,2019,81,9110.0
207,2019,8111,272.0
208,2019,8115,259.0
209,2019,8116,612.0
210,2019,8117,297.0
211,2019,8118,930.0
212,2019,8119,539.0
213,2019,8121,223.0
214,2019,8125,1258.0
215,2019,8126,836.0
216,2019,8127,1387.0
217,2019,8128,1068.0
218,2019,8135,257.0
219,2019,8136,1170.0
220,2019,82,10166.0
221,2019,8211,137.0
222,2019,8212,703.0
223,2019,8215,2397.0
224,2019,8216,2221.0
225,2019,8221,253.0
226,2019,8222,765.0
227,2019,8225,770.0
228,2019,8226,1662.0
229,2019,8231,73.0
230,2019,8235,327.0
231,2019,8236,338.0
232,2019,8237,520.0
233,2019,83,11889.0
234,2019,8311,204.0
235,2019,8315,2083.0
236,2019,8316,985.0
237,2019,8317,3769.0
238,2019,8325,458.0
239,2019,8326,681.0
240,2019,8327,354.0
241,2019,8335,971.0
242,2019,8336,921.0
243,2019,8337,1463.0
244,2019,84,7971.0
245,2019,8415,274.0
246,2019,8416,475.0
247,2019,8417,381.0
248,2019,8421,176.0
249,2019,8425,1112.0
250,2019,8426,1536.0
251,2019,8435,707.0
252,2019,8436,2189.0
253,2019,8437,1121.0
254,2019,9,121630.0
255,2019,91,50603.0
256,2019,9161,525.0
257,2019,9162,424.0
258,2019,9163,116.0
259,2019,9171,1100.0
260,2019,9172,1540.0
261,2019,9173,4166.0
262,2019,9174,545.0
263,2019,9175,507.0
264,2019,9176,887.0
265,2019,9177,1105.0
266,2019,9178,1410.0
267,2019,9179,375.0
268,2019,9180,2448.0
269,2019,9181,6130.0
270,2019,9182,1869.0
271,2019,9183,1015.0
272,2019,9184,1117.0
273,2019,9185,1379.0
274,2019,9186,1345.0
275,2019,9187,3889.0
276,2019,9188,6504.0
277,2019,9189,10072.0
278,2019,9190,2136.0
279,2019,92,14669.0
280,2019,9261,168.0
281,2019,9262,506.0
282,2019,9263,345.0
283,2019,9271,2140.0
284,2019,9272,674.0
285,2019,9273,1298.0
286,2019,9274,1024.0
287,2019,9275,2896.0
288,2019,9276,814.0
289,2019,9277,1284.0
290,2019,9278,2019.0
291,2019,9279,1501.0
292,2019,93,14784.0
293,2019,9361,35.0
294,2019,9362,266.0
295,2019,9363,78.0
296,2019,9371,1127.0
297,2019,9372,1661.0
298,2019,9373,737.0
299,2019,9374,2460.0
300,2019,9375,2352.0
301,2019,9376,4118.0
302,2019,9377,1951.0
303,2019,94,7229.0
304,2019,9461,154.0
305,2019,9462,58.0
306,2019,9463,103.0
307,2019,9464,131.0
308,2019,9471,1601.0
309,2019,9472,668.0
310,2019,9473,349.0
311,2019,9474,685.0
312,2019,9475,798.0
313,2019,9476,557.0
314,2019,9477,464.0
315,2019,9478,829.0
316,2019,9479,831.0
317,2019,95,9642.0
318,2019,9561,54.0
319,2019,9562,269.0
320,2019,9563,136.0
321,2019,9564,345.0
322,2019,9565,30.0
323,2019,9571,1760.0
324,2019,9572,2069.0
325,2019,9573,272.0
326,2019,9574,595.0
327,2019,9575,915.0
328,2019,9576,1230.0
329,2019,9577,1968.0
330,2019,96,7565.0
331,2019,9661,162.0
332,2019,9662,141.0
333,2019,9663,114.0
334,2019,9671,652.0
335,2019,9672,495.0
336,2019,9673,370.0
337,2019,9674,1122.0
338,2019,9675,978.0
339,2019,9676,855.0
340,2019,9677,1416.0
341,2019,9678,749.0
342,2019,9679,512.0
343,2019,97,17137.0
344,2019,9761,412.0
345,2019,9762,85.0
346,2019,9763,122.0
347,2019,9764,47.0
348,2019,9771,820.0
349,2019,9772,1028.0
350,2019,9773,2233.0
351,2019,9774,1499.0
352,2019,9775,1177.0
353,2019,9776,286.0
354,2019,9777,3681.0
355,2019,9778,1378.0
356,2019,9779,1877.0
357,2019,9780,2492.0
358,2019,10,2573.0
359,2019,10041,341.0
360,2019,10041100,163.0
361,2019,10042,671.0
362,2019,10043,192.0
363,2019,10044,668.0
364,2019,10045,246.0
365,2019,10046,455.0
366,2019,11,5847.0
367,2019,11001001,143.0
368,2019,11002002,133.0
369,2019,11003003,198.0
370,2019,11004004,284.0
371,2019,11005005,859.0
372,2019,11006006,1119.0
373,2019,11007007,45.0
374,2019,11008008,85.0
375,2019,11009009,2047.0
376,2019,11010010,126.0
377,2019,11011011,109.0
378,2019,11012012,700.0
379,2019,12,99764.0
380,2019,12051,3909.0
381,2019,12052,559.0
382,2019,12053,531.0
383,2019,12054,2057.0
384,2019,12060,7121.0
385,2019,12061,8887.0
386,2019,12062,3356.0
387,2019,12063,5355.0
388,2019,12064,5753.0
389,2019,12065,6668.0
390,2019,12066,4913.0
391,2019,12067,8435.0
392,2019,12068,8159.0
393,2019,12069,7087.0
394,2019,12070,4112.0
395,2019,12071,4793.0
396,2019,12072,3461.0
397,2019,12073,14606.0
398,2019,13,133473.0
399,2019,13001,
400,2019,13002,
401,2019,13003,1495.0
402,2019,13004,3723.0
403,2019,13005,
404,2019,13006,
405,2019,13051,
406,2019,13052,
407,2019,13053,
408,2019,13054,
409,2019,13055,
410,2019,13056,
411,2019,13057,
412,2019,13058,
413,2019,13059,
414,2019,13060,
415,2019,13061,
416,2019,13062,
417,2019,13071,49994.0
418,2019,13072,12375.0
419,2019,13073,13494.0
420,2019,13074,9652.0
421,2019,13075,24801.0
422,2019,13076,17940.0
423,2019,14,43827.0
424,2019,141,
425,2019,14161,
426,2019,14166,
427,2019,14167,
428,2019,14171,
429,2019,14173,
430,2019,14177,
431,2019,14178,
432,2019,14181,
433,2019,14182,
434,2019,14188,
435,2019,14191,
436,2019,14193,
437,2019,142,
438,2019,14262,
439,2019,14263,
440,2019,14264,
441,2019,14272,
442,2019,14280,
443,2019,14284,
444,2019,14285,
445,2019,14286,
446,2019,14287,
447,2019,14290,
448,2019,14292,
449,2019,143,
450,2019,14365,
451,2019,14374,
452,2019,14375,
453,2019,14379,
454,2019,14383,
455,2019,14389,
456,2019,145,7412.0
457,2019,14511,227.0
458,2019,14521,2033.0
459,2019,14522,2423.0
460,2019,14523,1722.0
461,2019,14524,1007.0
462,2019,146,22649.0
463,2019,14612,699.0
464,2019,14625,9968.0
465,2019,14626,6966.0
466,2019,14627,3241.0
467,2019,14628,1774.0
468,2019,147,13766.0
469,2019,14713,1174.0
470,2019,14729,7356.0
471,2019,14730,5236.0
472,2019,15,45278.0
473,2019,15001,811.0
474,2019,15002,489.0
475,2019,15003,1413.0
476,2019,15081,3151.0
477,2019,15082,5198.0
478,2019,15083,3808.0
479,2019,15084,1682.0
480,2019,15085,2445.0
481,2019,15086,3374.0
482,2019,15087,2015.0
483,2019,15088,4701.0
484,2019,15089,4148.0
485,2019,15090,7214.0
486,2019,15091,4827.0
487,2019,151,
488,2019,15101,
489,2019,15151,
490,2019,15153,
491,2019,15154,
492,2019,15159,
493,2019,15171,
494,2019,152,
495,2019,15202,
496,2019,15256,
497,2019,15260,
498,2019,15261,
499,2019,15265,
500,2019,15266,
501,2019,15268,
502,2019,153,
503,2019,15303,
504,2019,15352,
505,2019,15355,
506,2019,15357,
507,2019,15358,
508,2019,15362,
509,2019,15363,
510,2019,15364,
511,2019,15367,
512,2019,15369,
513,2019,15370,
514,2019,16,19428.0
515,2019,16051,559.0
516,2019,16052,123.0
517,2019,16053,102.0
518,2019,16054,68.0
519,2019,16055,72.0
520,2019,16056,138.0
521,2019,16061,625.0
522,2019,16062,1055.0
523,2019,16063,1417.0
524,2019,16064,1226.0
525,2019,16065,1080.0
526,2019,16066,800.0
527,2019,16067,1268.0
528,2019,16068,1392.0
529,2019,16069,782.0
530,2019,16070,721.0
531,2019,16071,676.0
532,2019,16072,391.0
533,2019,16073,1314.0
534,2019,16074,587.0
535,2019,16075,2965.0
536,2019,16076,1254.0
537,2019,16077,811.0
539,2016,1,76526.0
540,2016,1001,820.0
541,2016,1002,1090.0
542,2016,1003,2915.0
543,2016,1004,185.0
544,2016,1051,6763.0
545,2016,1053,5197.0
546,2016,1054,8397.0
547,2016,1055,5650.0
548,2016,1056,3790.0
549,2016,1057,11040.0
550,2016,1058,9550.0
551,2016,1059,11427.0
552,2016,1060,2434.0
553,2016,1061,6056.0
554,2016,1062,1211.0
555,2016,2,6101.0
556,2016,3,104072.0
557,2016,31,12088.0
558,2016,3101,497.0
559,2016,3102,592.0
560,2016,3103,551.0
561,2016,3151,2391.0
562,2016,3152,
563,2016,3153,1715.0
564,2016,3154,1019.0
565,2016,3155,1334.0
566,2016,3156,
567,2016,3157,1198.0
568,2016,3158,796.0
569,2016,3159,1995.0
570,2016,32,18995.0
571,2016,3241,7009.0
572,2016,3241001,644.0
573,2016,3251,3969.0
574,2016,3252,1102.0
575,2016,3254,1650.0
576,2016,3255,811.0
577,2016,3256,3273.0
578,2016,3257,1181.0
579,2016,33,32730.0
580,2016,3351,2251.0
581,2016,3352,5347.0
582,2016,3353,2349.0
583,2016,3354,2718.0
584,2016,3355,3363.0
585,2016,3356,1549.0
586,2016,3357,1937.0
587,2016,3358,1685.0
588,2016,3359,8563.0
589,2016,3360,1057.0
590,2016,3361,1910.0
591,2016,34,40259.0
592,2016,3401,126.0
593,2016,3402,810.0
594,2016,3403,404.0
595,2016,3404,180.0
596,2016,3405,593.0
597,2016,3451,1834.0
598,2016,3452,4038.0
599,2016,3453,2455.0
600,2016,3454,8018.0
601,2016,3455,1607.0
602,2016,3456,2118.0
603,2016,3457,6499.0
604,2016,3458,1344.0
605,2016,3459,3743.0
606,2016,3460,1221.0
607,2016,3461,3812.0
608,2016,3462,1456.0
609,2016,4,4924.0
610,2016,4011,2378.0
611,2016,4012,2546.0
612,2016,5,64533.0
613,2016,51,18117.0
614,2016,5111,1349.0
615,2016,5112,1972.0
616,2016,5113,558.0
617,2016,5114,412.0
618,2016,5116,71.0
619,2016,5117,195.0
620,2016,5119,86.0
621,2016,5120,120.0
622,2016,5122,113.0
623,2016,5124,190.0
624,2016,5154,4768.0
625,2016,5158,817.0
626,2016,5162,1597.0
627,2016,5166,1054.0
628,2016,5170,4815.0
629,2016,53,13221.0
630,2016,5314,557.0
631,2016,5315,1937.0
632,2016,5316,340.0
633,2016,5334,1067.0
634,2016,5334002,113.0
635,2016,5354,
636,2016,5358,1596.0
637,2016,5362,1145.0
638,2016,5366,1103.0
639,2016,5370,751.0
640,2016,5374,1659.0
641,2016,5378,746.0
642,2016,5382,2319.0
643,2016,55,13292.0
644,2016,5512,197.0
645,2016,5513,269.0
646,2016,5515,636.0
647,2016,5554,2305.0
648,2016,5558,2038.0
649,2016,5562,2445.0
650,2016,5566,2939.0
651,2016,5570,2462.0
652,2016,57,9564.0
653,2016,5711,190.0
654,2016,5754,1352.0
655,2016,5758,485.0
656,2016,5762,1163.0
657,2016,5766,1063.0
658,2016,5770,3528.0
659,2016,5774,1784.0
660,2016,59,10339.0
661,2016,5911,156.0
662,2016,5913,265.0
663,2016,5914,365.0
664,2016,5915,527.0
665,2016,5916,103.0
666,2016,5954,704.0
667,2016,5958,1673.0
668,2016,5962,1258.0
669,2016,5966,1224.0
670,2016,5970,653.0
671,2016,5974,2573.0
672,2016,5978,837.0
673,2016,6,29096.0
674,2016,64,12306.0
675,2016,6411,90.0
676,2016,6412,528.0
677,2016,6413,118.0
678,2016,6414,539.0
679,2016,6431,1604.0
680,2016,6432,787.0
681,2016,6433,2336.0
682,2016,6434,285.0
683,2016,6435,1837.0
684,2016,6436,315.0
685,2016,6437,339.0
686,2016,6438,734.0
687,2016,6439,1498.0
688,2016,6440,1295.0
689,2016,65,6118.0
690,2016,6531,1115.0
691,2016,6532,1262.0
692,2016,6533,855.0
693,2016,6534,1360.0
694,2016,6535,1527.0
695,2016,66,10672.0
696,2016,6611,231.0
697,2016,6631,1131.0
698,2016,6632,1185.0
699,2016,6633,1371.0
700,2016,6634,2223.0
701,2016,6635,3124.0
702,2016,6636,1407.0
703,2016,7,28197.0
704,2016,71,11379.0
705,2016,7111,570.0
706,2016,7131,1266.0
707,2016,7132,596.0
708,2016,7133,869.0
709,2016,7134,412.0
710,2016,7135,1211.0
711,2016,7137,1525.0
712,2016,7138,1312.0
713,2016,7140,903.0
714,2016,7141,1375.0
715,2016,7143,1339.0
716,2016,72,5053.0
717,2016,7211,395.0
718,2016,7231,1677.0
719,2016,7232,983.0
720,2016,7233,604.0
721,2016,7235,1394.0
722,2016,73,11148.0
723,2016,7311,105.0
724,2016,7312,86.0
725,2016,7313,48.0
726,2016,7314,392.0
727,2016,7315,360.0
728,2016,7316,104.0
729,2016,7317,35.0
730,2016,7318,404.0
731,2016,7319,453.0
732,2016,7320,72.0
733,2016,7331,933.0
734,2016,7332,326.0
735,2016,7333,380.0
736,2016,7334,2257.0
737,2016,7335,340.0
738,2016,7336,425.0
739,2016,7337,439.0
740,2016,7338,1558.0
741,2016,7339,1940.0
742,2016,7340,491.0
743,2016,8,38894.0
744,2016,81,9042.0
745,2016,8111,273.0
746,2016,8115,256.0
747,2016,8116,613.0
748,2016,8117,295.0
749,2016,8118,912.0
750,2016,8119,539.0
751,2016,8121,219.0
752,2016,8125,1243.0
753,2016,8126,829.0
754,2016,8127,1374.0
755,2016,8128,1066.0
756,2016,8135,255.0
757,2016,8136,1168.0
758,2016,82,10137.0
759,2016,8211,136.0
760,2016,8212,702.0
761,2016,8215,2390.0
762,2016,8216,2221.0
763,2016,8221,253.0
764,2016,8222,765.0
765,2016,8225,760.0
766,2016,8226,1662.0
767,2016,8231,73.0
768,2016,8235,325.0
769,2016,8236,327.0
770,2016,8237,520.0
771,2016,83,11782.0
772,2016,8311,202.0
773,2016,8315,2040.0
774,2016,8316,980.0
775,2016,8317,3736.0
776,2016,8325,458.0
777,2016,8326,677.0
778,2016,8327,353.0
779,2016,8335,955.0
780,2016,8336,922.0
781,2016,8337,1460.0
782,2016,84,7932.0
783,2016,8415,273.0
784,2016,8416,474.0
785,2016,8417,380.0
786,2016,8421,177.0
787,2016,8425,1087.0
788,2016,8426,1530.0
789,2016,8435,705.0
790,2016,8436,2184.0
791,2016,8437,1123.0
792,2016,9,120992.0
793,2016,91,50414.0
794,2016,9161,520.0
795,2016,9162,420.0
796,2016,9163,117.0
797,2016,9171,1093.0
798,2016,9172,1538.0
799,2016,9173,4185.0
800,2016,9174,544.0
801,2016,9175,503.0
802,2016,9176,869.0
803,2016,9177,1102.0
804,2016,9178,1399.0
805,2016,9179,369.0
806,2016,9180,2448.0
807,2016,9181,6123.0
808,2016,9182,1864.0
809,2016,9183,1013.0
810,2016,9184,1093.0
811,2016,9185,1313.0
812,2016,9186,1319.0
813,2016,9187,3876.0
814,2016,9188,6507.0
815,2016,9189,10062.0
816,2016,9190,2139.0
817,2016,92,14551.0
818,2016,9261,166.0
819,2016,9262,504.0
820,2016,9263,355.0
821,2016,9271,2097.0
822,2016,9272,669.0
823,2016,9273,1300.0
824,2016,9274,1021.0
825,2016,9275,2853.0
826,2016,9276,800.0
827,2016,9277,1284.0
828,2016,9278,2008.0
829,2016,9279,1493.0
830,2016,93,14712.0
831,2016,9361,35.0
832,2016,9362,266.0
833,2016,9363,78.0
834,2016,9371,1120.0
835,2016,9372,1654.0
836,2016,9373,730.0
837,2016,9374,2428.0
838,2016,9375,2356.0
839,2016,9376,4102.0
840,2016,9377,1941.0
841,2016,94,7170.0
842,2016,9461,154.0
843,2016,9462,56.0
844,2016,9463,103.0
845,2016,9464,132.0
846,2016,9471,1585.0
847,2016,9472,665.0
848,2016,9473,340.0
849,2016,9474,687.0
850,2016,9475,802.0
851,2016,9476,552.0
852,2016,9477,463.0
853,2016,9478,789.0
854,2016,9479,841.0
855,2016,95,9608.0
856,2016,9561,54.0
857,2016,9562,271.0
858,2016,9563,135.0
859,2016,9564,346.0
860,2016,9565,30.0
861,2016,9571,1752.0
862,2016,9572,2064.0
863,2016,9573,273.0
864,2016,9574,587.0
865,2016,9575,911.0
866,2016,9576,1220.0
867,2016,9577,1965.0
868,2016,96,7510.0
869,2016,9661,162.0
870,2016,9662,140.0
871,2016,9663,113.0
872,2016,9671,647.0
873,2016,9672,487.0
874,2016,9673,356.0
875,2016,9674,1115.0
876,2016,9675,963.0
877,2016,9676,853.0
878,2016,9677,1422.0
879,2016,9678,745.0
880,2016,9679,506.0
881,2016,97,17027.0
882,2016,9761,410.0
883,2016,9762,85.0
884,2016,9763,121.0
885,2016,9764,47.0
886,2016,9771,822.0
887,2016,9772,1012.0
888,2016,9773,2218.0
889,2016,9774,1474.0
890,2016,9775,1175.0
891,2016,9776,284.0
892,2016,9777,3671.0
893,2016,9778,1369.0
894,2016,9779,1857.0
895,2016,9780,2480.0
896,2016,10,2572.0
897,2016,10041,342.0
898,2016,10041100,163.0
899,2016,10042,671.0
900,2016,10043,192.0
901,2016,10044,667.0
902,2016,10045,246.0
903,2016,10046,455.0
904,2016,11,5896.0
905,2016,11001001,143.0
906,2016,11002002,133.0
907,2016,11003003,196.0
908,2016,11004004,283.0
909,2016,11005005,904.0
910,2016,11006006,1120.0
911,2016,11007007,45.0
912,2016,11008008,76.0
913,2016,11009009,2062.0
914,2016,11010010,124.0
915,2016,11011011,108.0
916,2016,11012012,702.0
917,2016,12,99132.0
918,2016,12051,3907.0
919,2016,12052,559.0
920,2016,12053,530.0
921,2016,12054,2057.0
922,2016,12060,7153.0
923,2016,12061,8905.0
924,2016,12062,3147.0
925,2016,12063,5356.0
926,2016,12064,5769.0
927,2016,12065,6679.0
928,2016,12066,4373.0
929,2016,12067,8410.0
930,2016,12068,8195.0
931,2016,12069,7100.0
932,2016,12070,4103.0
933,2016,12071,4790.0
934,2016,12072,3471.0
935,2016,12073,14628.0
936,2016,13,132982.0
937,2016,13001,
938,2016,13002,
939,2016,13003,1497.0
940,2016,13004,3726.0
941,2016,13005,
942,2016,13006,
943,2016,13051,
944,2016,13052,
945,2016,13053,
946,2016,13054,
947,2016,13055,
948,2016,13056,
949,2016,13057,
950,2016,13058,
951,2016,13059,
952,2016,13060,
953,2016,13061,
954,2016,13062,
955,2016,13071,49973.0
956,2016,13072,12317.0
957,2016,13073,13362.0
958,2016,13074,9467.0
959,2016,13075,24711.0
960,2016,13076,17929.0
961,2016,14,43307.0
962,2016,141,
963,2016,14161,
964,2016,14166,
965,2016,14167,
966,2016,14171,
967,2016,14173,
968,2016,14177,
969,2016,14178,
970,2016,14181,
971,2016,14182,
972,2016,14188,
973,2016,14191,
974,2016,14193,
975,2016,142,
976,2016,14262,
977,2016,14263,
978,2016,14264,
979,2016,14272,
980,2016,14280,
981,2016,14284,
982,2016,14285,
983,2016,14286,
984,2016,14287,
985,2016,14290,
986,2016,14292,
987,2016,143,
988,2016,14365,
989,2016,14374,
990,2016,14375,
991,2016,14379,
992,2016,14383,
993,2016,14389,
994,2016,145,7413.0
995,2016,14511,228.0
996,2016,14521,2039.0
997,2016,14522,2421.0
998,2016,14523,1719.0
999,2016,14524,1005.0
1000,2016,146,22668.0
1001,2016,14612,682.0
1002,2016,14625,9974.0
1003,2016,14626,7012.0
1004,2016,14627,3227.0
1005,2016,14628,1773.0
1006,2016,147,13227.0
1007,2016,14713,1160.0
1008,2016,14729,6826.0
1009,2016,14730,5240.0
1010,2016,15,44518.0
1011,2016,15001,790.0
1012,2016,15002,487.0
1013,2016,15003,1400.0
1014,2016,15081,3022.0
1015,2016,15082,5098.0
1016,2016,15083,3628.0
1017,2016,15084,1682.0
1018,2016,15085,2334.0
1019,2016,15086,3360.0
1020,2016,15087,2064.0
1021,2016,15088,4761.0
1022,2016,15089,3982.0
1023,2016,15090,7140.0
1024,2016,15091,4771.0
1025,2016,151,
1026,2016,15101,
1027,2016,15151,
1028,2016,15153,
1029,2016,15154,
1030,2016,15159,
1031,2016,15171,
1032,2016,152,
1033,2016,15202,
1034,2016,15256,
1035,2016,15260,
1036,2016,15261,
1037,2016,15265,
1038,2016,15266,
1039,2016,15268,
1040,2016,153,
1041,2016,15303,
1042,2016,15352,
1043,2016,15355,
1044,2016,15357,
1045,2016,15358,
1046,2016,15362,
1047,2016,15363,
1048,2016,15364,
1049,2016,15367,
1050,2016,15369,
1051,2016,15370,
1052,2016,16,20154.0
1053,2016,16051,401.0
1054,2016,16052,131.0
1055,2016,16053,115.0
1056,2016,16054,46.0
1057,2016,16055,73.0
1058,2016,16056,130.0
1059,2016,16061,719.0
1060,2016,16062,1124.0
1061,2016,16063,1331.0
1062,2016,16064,1466.0
1063,2016,16065,1246.0
1064,2016,16066,755.0
1065,2016,16067,1332.0
1066,2016,16068,1252.0
1067,2016,16069,806.0
1068,2016,16070,803.0
1069,2016,16071,793.0
1070,2016,16072,349.0
1071,2016,16073,1301.0
1072,2016,16074,598.0
1073,2016,16075,3109.0
1074,2016,16076,1309.0
1075,2016,16077,964.0
